{
"lengthUnit": "mil",
"components": {
	"fields": ["COMPONENT_NO", "COMPONENT_NAME", "LAYER", "X_COORDINATE", "Y_COORDINATE", "ANGLE"],
	"rows": [
		[1, "SU1", "T", 200, 2949.99, 0],
		[2, "SU2", "T", 400, 2949.99, 0],
		[3, "SU3", "T", 800, 2949.99, 0],
		[4, "SU4", "T", 600, 2949.99, 0],
		[5, "SU5", "T", 1000, 2949.99, 0],
		[6, "SU6", "T", 1200, 2949.99, 0],
		[7, "SU7", "T", 1400, 2949.99, 0],
		[8, "SU8", "T", 1600, 2949.99, 0],
		[9, "U1", "T", 2100, 3049.99, 90],
		[10, "U2", "T", 1800, 2949.99, 270],
		[11, "PAD1", "T", 150, 2749.99, 0],
		[12, "PAD1", "B", 150, 2749.99, 0],
		[13, "PAD2", "T", 350, 2754.99, 0],
		[14, "PAD2", "B", 350, 2754.99, 0],
		[15, "PAD3", "T", 550, 2754.99, 0],
		[16, "PAD3", "B", 550, 2754.99, 0],
		[17, "PAD4", "T", 750, 2754.99, 0],
		[18, "PAD4", "B", 750, 2754.99, 0],
		[19, "PAD5", "T", 950, 2754.99, 0],
		[20, "PAD5", "B", 950, 2754.99, 0],
		[21, "PAD6", "T", 1150, 2754.99, 0],
		[22, "PAD6", "B", 1150, 2754.99, 0],
		[23, "PAD7", "T", 1350, 2754.99, 0],
		[24, "PAD7", "B", 1350, 2754.99, 0],
		[25, "PAD8", "T", 1550, 2754.99, 0],
		[26, "PAD8", "B", 1550, 2754.99, 0],
		[27, "PAD9", "T", 1650, 2754.99, 0],
		[28, "PAD9", "B", 1650, 2754.99, 0],
		[29, "PAD10", "T", 1650, 2559.99, 0],
		[30, "PAD10", "B", 1650, 2559.99, 0],
		[31, "PAD11", "T", 1450, 2754.99, 0],
		[32, "PAD11", "B", 1450, 2754.99, 0],
		[33, "PAD12", "T", 1450, 2559.99, 0],
		[34, "PAD12", "B", 1450, 2559.99, 0],
		[35, "PAD13", "T", 1250, 2754.99, 0],
		[36, "PAD13", "B", 1250, 2754.99, 0],
		[37, "PAD14", "T", 1250, 2559.99, 0],
		[38, "PAD14", "B", 1250, 2559.99, 0],
		[39, "PAD15", "T", 1050, 2754.99, 0],
		[40, "PAD15", "B", 1050, 2754.99, 0],
		[41, "PAD16", "T", 1050, 2559.99, 0],
		[42, "PAD16", "B", 1050, 2559.99, 0],
		[43, "PAD17", "T", 850, 2754.99, 0],
		[44, "PAD17", "B", 850, 2754.99, 0],
		[45, "PAD18", "T", 850, 2559.99, 0],
		[46, "PAD18", "B", 850, 2559.99, 0],
		[47, "PAD19", "T", 650, 2754.99, 0],
		[48, "PAD19", "B", 650, 2754.99, 0],
		[49, "PAD20", "T", 650, 2559.99, 0],
		[50, "PAD20", "B", 650, 2559.99, 0],
		[51, "PAD21", "T", 450, 2754.99, 0],
		[52, "PAD21", "B", 450, 2754.99, 0],
		[53, "PAD22", "T", 450, 2559.99, 0],
		[54, "PAD22", "B", 450, 2559.99, 0],
		[55, "PAD23", "T", 250, 2554.99, 0],
		[56, "PAD23", "B", 250, 2554.99, 0],
		[57, "PAD24", "T", 250, 2749.99, 0],
		[58, "PAD24", "B", 250, 2749.99, 0],
		[59, "PAD25", "T", 2300, 3224.99, 0],
		[60, "PAD25", "B", 2300, 3224.99, 0],
		[61, "PAD26", "T", 2300, 3324.99, 0],
		[62, "PAD26", "B", 2300, 3324.99, 0],
		[63, "PAD27", "T", 2300, 3424.99, 0],
		[64, "PAD27", "B", 2300, 3424.99, 0],
		[65, "PAD28", "T", 2300, 3524.99, 0],
		[66, "PAD28", "B", 2300, 3524.99, 0],
		[67, "PAD29", "T", 2300, 3624.99, 0],
		[68, "PAD29", "B", 2300, 3624.99, 0],
		[69, "PAD30", "T", 2300, 2399.99, 0],
		[70, "PAD30", "B", 2300, 2399.99, 0],
		[71, "PAD31", "T", 2300, 2499.99, 0],
		[72, "PAD31", "B", 2300, 2499.99, 0],
		[73, "PAD32", "T", 2300, 2599.99, 0],
		[74, "PAD32", "B", 2300, 2599.99, 0],
		[75, "PAD33", "T", 2300, 2699.99, 0],
		[76, "PAD33", "B", 2300, 2699.99, 0],
		[77, "PAD34", "T", 2300, 2799.99, 0],
		[78, "PAD34", "B", 2300, 2799.99, 0],
		[79, "PAD35", "T", 2450, 2974.99, 0],
		[80, "PAD35", "B", 2450, 2974.99, 0],
		[81, "PAD36", "T", 2450, 3074.99, 0],
		[82, "PAD36", "B", 2450, 3074.99, 0],
		[83, "PAD37", "T", 150, 2349.99, 0],
		[84, "PAD37", "B", 150, 2349.99, 0],
		[85, "PAD38", "T", 150, 2449.99, 0],
		[86, "PAD38", "B", 150, 2449.99, 0],
		[87, "PAD39", "T", 350, 2349.99, 0],
		[88, "PAD39", "B", 350, 2349.99, 0],
		[89, "PAD40", "T", 350, 2449.99, 0],
		[90, "PAD40", "B", 350, 2449.99, 0],
		[91, "PAD41", "T", 550, 2449.99, 0],
		[92, "PAD41", "B", 550, 2449.99, 0],
		[93, "PAD42", "T", 550, 2349.99, 0],
		[94, "PAD42", "B", 550, 2349.99, 0],
		[95, "PAD43", "T", 750, 2449.99, 0],
		[96, "PAD43", "B", 750, 2449.99, 0],
		[97, "PAD44", "T", 750, 2349.99, 0],
		[98, "PAD44", "B", 750, 2349.99, 0],
		[99, "PAD45", "T", 950, 2449.99, 0],
		[100, "PAD45", "B", 950, 2449.99, 0],
		[101, "PAD46", "T", 950, 2349.99, 0],
		[102, "PAD46", "B", 950, 2349.99, 0],
		[103, "PAD47", "T", 1150, 2449.99, 0],
		[104, "PAD47", "B", 1150, 2449.99, 0],
		[105, "PAD48", "T", 1150, 2349.99, 0],
		[106, "PAD48", "B", 1150, 2349.99, 0],
		[107, "PAD49", "T", 1350, 2449.99, 0],
		[108, "PAD49", "B", 1350, 2449.99, 0],
		[109, "PAD50", "T", 1350, 2349.99, 0],
		[110, "PAD50", "B", 1350, 2349.99, 0],
		[111, "PAD51", "T", 1550, 2449.99, 0],
		[112, "PAD51", "B", 1550, 2449.99, 0],
		[113, "PAD52", "T", 1550, 2349.99, 0],
		[114, "PAD52", "B", 1550, 2349.99, 0]
	]
},
"pins": {
	"fields": ["PIN_NO", "PIN_NAME", "PIN_X", "PIN_Y", "LAYER", "PIN_TYPE", "NET_NAME", "NET_TYPE", "PAD_SHAPE", "PAD_SIZEX", "PAD_SIZEY", "HOLE_SIZE", "PAD_ANGLE"],
	"rows": [
		[1, "SU1_1", 190, 2959.99, "T", "DIP", "N$13189", "", "O", 78.74, 39.37, 27.56, 180],
		[2, "SU1_1", 190, 2959.99, "B", "DIP", "N$13189", "", "O", 78.74, 39.37, 27.56, 180],
		[3, "SU1_2", 190, 2909.99, "T", "DIP", "N$13085", "", "O", 78.74, 39.37, 27.56, 180],
		[4, "SU1_2", 190, 2909.99, "B", "DIP", "N$13085", "", "O", 78.74, 39.37, 27.56, 180],
		[5, "SU1_3", 190, 2859.99, "T", "DIP", "N$12975", "", "O", 78.74, 39.37, 27.56, 180],
		[6, "SU1_3", 190, 2859.99, "B", "DIP", "N$12975", "", "O", 78.74, 39.37, 27.56, 180],
		[7, "SU2_1", 390, 2959.99, "T", "DIP", "N$13196", "", "O", 78.74, 39.37, 27.56, 180],
		[8, "SU2_1", 390, 2959.99, "B", "DIP", "N$13196", "", "O", 78.74, 39.37, 27.56, 180],
		[9, "SU2_2", 390, 2909.99, "T", "DIP", "N$13092", "", "O", 78.74, 39.37, 27.56, 180],
		[10, "SU2_2", 390, 2909.99, "B", "DIP", "N$13092", "", "O", 78.74, 39.37, 27.56, 180],
		[11, "SU2_3", 390, 2859.99, "T", "DIP", "N$12975", "", "O", 78.74, 39.37, 27.56, 180],
		[12, "SU2_3", 390, 2859.99, "B", "DIP", "N$12975", "", "O", 78.74, 39.37, 27.56, 180],
		[13, "SU3_1", 790, 2959.99, "T", "DIP", "N$13210", "", "O", 78.74, 39.37, 27.56, 180],
		[14, "SU3_1", 790, 2959.99, "B", "DIP", "N$13210", "", "O", 78.74, 39.37, 27.56, 180],
		[15, "SU3_2", 790, 2909.99, "T", "DIP", "N$13106", "", "O", 78.74, 39.37, 27.56, 180],
		[16, "SU3_2", 790, 2909.99, "B", "DIP", "N$13106", "", "O", 78.74, 39.37, 27.56, 180],
		[17, "SU3_3", 790, 2859.99, "T", "DIP", "N$12975", "", "O", 78.74, 39.37, 27.56, 180],
		[18, "SU3_3", 790, 2859.99, "B", "DIP", "N$12975", "", "O", 78.74, 39.37, 27.56, 180],
		[19, "SU4_1", 590, 2959.99, "T", "DIP", "N$13203", "", "O", 78.74, 39.37, 27.56, 180],
		[20, "SU4_1", 590, 2959.99, "B", "DIP", "N$13203", "", "O", 78.74, 39.37, 27.56, 180],
		[21, "SU4_2", 590, 2909.99, "T", "DIP", "N$13099", "", "O", 78.74, 39.37, 27.56, 180],
		[22, "SU4_2", 590, 2909.99, "B", "DIP", "N$13099", "", "O", 78.74, 39.37, 27.56, 180],
		[23, "SU4_3", 590, 2859.99, "T", "DIP", "N$12975", "", "O", 78.74, 39.37, 27.56, 180],
		[24, "SU4_3", 590, 2859.99, "B", "DIP", "N$12975", "", "O", 78.74, 39.37, 27.56, 180],
		[25, "SU5_1", 990, 2959.99, "T", "DIP", "N$13217", "", "O", 78.74, 39.37, 27.56, 180],
		[26, "SU5_1", 990, 2959.99, "B", "DIP", "N$13217", "", "O", 78.74, 39.37, 27.56, 180],
		[27, "SU5_2", 990, 2909.99, "T", "DIP", "N$13113", "", "O", 78.74, 39.37, 27.56, 180],
		[28, "SU5_2", 990, 2909.99, "B", "DIP", "N$13113", "", "O", 78.74, 39.37, 27.56, 180],
		[29, "SU5_3", 990, 2859.99, "T", "DIP", "N$12975", "", "O", 78.74, 39.37, 27.56, 180],
		[30, "SU5_3", 990, 2859.99, "B", "DIP", "N$12975", "", "O", 78.74, 39.37, 27.56, 180],
		[31, "SU6_1", 1190, 2959.99, "T", "DIP", "N$13224", "", "O", 78.74, 39.37, 27.56, 180],
		[32, "SU6_1", 1190, 2959.99, "B", "DIP", "N$13224", "", "O", 78.74, 39.37, 27.56, 180],
		[33, "SU6_2", 1190, 2909.99, "T", "DIP", "N$13120", "", "O", 78.74, 39.37, 27.56, 180],
		[34, "SU6_2", 1190, 2909.99, "B", "DIP", "N$13120", "", "O", 78.74, 39.37, 27.56, 180],
		[35, "SU6_3", 1190, 2859.99, "T", "DIP", "N$12975", "", "O", 78.74, 39.37, 27.56, 180],
		[36, "SU6_3", 1190, 2859.99, "B", "DIP", "N$12975", "", "O", 78.74, 39.37, 27.56, 180],
		[37, "SU7_1", 1390, 2959.99, "T", "DIP", "N$13231", "", "O", 78.74, 39.37, 27.56, 180],
		[38, "SU7_1", 1390, 2959.99, "B", "DIP", "N$13231", "", "O", 78.74, 39.37, 27.56, 180],
		[39, "SU7_2", 1390, 2909.99, "T", "DIP", "N$13127", "", "O", 78.74, 39.37, 27.56, 180],
		[40, "SU7_2", 1390, 2909.99, "B", "DIP", "N$13127", "", "O", 78.74, 39.37, 27.56, 180],
		[41, "SU7_3", 1390, 2859.99, "T", "DIP", "N$12975", "", "O", 78.74, 39.37, 27.56, 180],
		[42, "SU7_3", 1390, 2859.99, "B", "DIP", "N$12975", "", "O", 78.74, 39.37, 27.56, 180],
		[43, "SU8_1", 1590, 2959.99, "T", "DIP", "N$13238", "", "O", 78.74, 39.37, 27.56, 180],
		[44, "SU8_1", 1590, 2959.99, "B", "DIP", "N$13238", "", "O", 78.74, 39.37, 27.56, 180],
		[45, "SU8_2", 1590, 2909.99, "T", "DIP", "N$13134", "", "O", 78.74, 39.37, 27.56, 180],
		[46, "SU8_2", 1590, 2909.99, "B", "DIP", "N$13134", "", "O", 78.74, 39.37, 27.56, 180],
		[47, "SU8_3", 1590, 2859.99, "T", "DIP", "N$12975", "", "O", 78.74, 39.37, 27.56, 180],
		[48, "SU8_3", 1590, 2859.99, "B", "DIP", "N$12975", "", "O", 78.74, 39.37, 27.56, 180],
		[49, "U1_1", 146.07, 3113.38, "T", "DIP", "U1_1", "", "C", 62.99, 62.99, 39.37, 90],
		[50, "U1_1", 146.07, 3113.38, "B", "DIP", "U1_1", "", "C", 62.99, 62.99, 39.37, 90],
		[51, "U1_2", 246.07, 3113.38, "T", "DIP", "U1_2", "", "C", 62.99, 62.99, 39.37, 90],
		[52, "U1_2", 246.07, 3113.38, "B", "DIP", "U1_2", "", "C", 62.99, 62.99, 39.37, 90],
		[53, "U1_3", 346.06, 3113.38, "T", "DIP", "U1_3", "", "R", 62.99, 62.99, 39.37, 90],
		[54, "U1_3", 346.06, 3113.38, "B", "DIP", "U1_3", "", "R", 62.99, 62.99, 39.37, 90],
		[55, "U1_4", 446.07, 3113.38, "T", "DIP", "U1_4", "", "C", 62.99, 62.99, 39.37, 90],
		[56, "U1_4", 446.07, 3113.38, "B", "DIP", "U1_4", "", "C", 62.99, 62.99, 39.37, 90],
		[57, "U1_5", 546.07, 3113.38, "T", "DIP", "U1_5", "", "C", 62.99, 62.99, 39.37, 90],
		[58, "U1_5", 546.07, 3113.38, "B", "DIP", "U1_5", "", "C", 62.99, 62.99, 39.37, 90],
		[59, "U1_6", 646.07, 3113.38, "T", "DIP", "U1_6", "", "C", 62.99, 62.99, 39.37, 90],
		[60, "U1_6", 646.07, 3113.38, "B", "DIP", "U1_6", "", "C", 62.99, 62.99, 39.37, 90],
		[61, "U1_7", 746.07, 3113.38, "T", "DIP", "U1_7", "", "C", 62.99, 62.99, 39.37, 90],
		[62, "U1_7", 746.07, 3113.38, "B", "DIP", "U1_7", "", "C", 62.99, 62.99, 39.37, 90],
		[63, "U1_8", 846.06, 3113.38, "T", "DIP", "U1_8", "", "R", 62.99, 62.99, 39.37, 90],
		[64, "U1_8", 846.06, 3113.38, "B", "DIP", "U1_8", "", "R", 62.99, 62.99, 39.37, 90],
		[65, "U1_9", 946.07, 3113.38, "T", "DIP", "U1_9", "", "C", 62.99, 62.99, 39.37, 90],
		[66, "U1_9", 946.07, 3113.38, "B", "DIP", "U1_9", "", "C", 62.99, 62.99, 39.37, 90],
		[67, "U1_10", 1046.07, 3113.38, "T", "DIP", "U1_10", "", "C", 62.99, 62.99, 39.37, 90],
		[68, "U1_10", 1046.07, 3113.38, "B", "DIP", "U1_10", "", "C", 62.99, 62.99, 39.37, 90],
		[69, "U1_11", 1146.07, 3113.38, "T", "DIP", "U1_11", "", "C", 62.99, 62.99, 39.37, 90],
		[70, "U1_11", 1146.07, 3113.38, "B", "DIP", "U1_11", "", "C", 62.99, 62.99, 39.37, 90],
		[71, "U1_12", 1246.07, 3113.38, "T", "DIP", "U1_12", "", "C", 62.99, 62.99, 39.37, 90],
		[72, "U1_12", 1246.07, 3113.38, "B", "DIP", "U1_12", "", "C", 62.99, 62.99, 39.37, 90],
		[73, "U1_13", 1346.06, 3113.38, "T", "DIP", "U1_13", "", "R", 62.99, 62.99, 39.37, 90],
		[74, "U1_13", 1346.06, 3113.38, "B", "DIP", "U1_13", "", "R", 62.99, 62.99, 39.37, 90],
		[75, "U1_14", 1446.06, 3113.38, "T", "DIP", "U1_14", "", "C", 62.99, 62.99, 39.37, 90],
		[76, "U1_14", 1446.06, 3113.38, "B", "DIP", "U1_14", "", "C", 62.99, 62.99, 39.37, 90],
		[77, "U1_15", 1546.06, 3113.38, "T", "DIP", "U1_15", "", "C", 62.99, 62.99, 39.37, 90],
		[78, "U1_15", 1546.06, 3113.38, "B", "DIP", "U1_15", "", "C", 62.99, 62.99, 39.37, 90],
		[79, "U1_16", 1646.06, 3113.38, "T", "DIP", "U1_16", "", "C", 62.99, 62.99, 39.37, 90],
		[80, "U1_16", 1646.06, 3113.38, "B", "DIP", "U1_16", "", "C", 62.99, 62.99, 39.37, 90],
		[81, "U1_17", 1746.06, 3113.38, "T", "DIP", "U1_17", "", "C", 62.99, 62.99, 39.37, 90],
		[82, "U1_17", 1746.06, 3113.38, "B", "DIP", "U1_17", "", "C", 62.99, 62.99, 39.37, 90],
		[83, "U1_18", 1846.06, 3113.38, "T", "DIP", "U1_18", "", "R", 62.99, 62.99, 39.37, 90],
		[84, "U1_18", 1846.06, 3113.38, "B", "DIP", "U1_18", "", "R", 62.99, 62.99, 39.37, 90],
		[85, "U1_19", 1946.06, 3113.38, "T", "DIP", "U1_19", "", "C", 62.99, 62.99, 39.37, 90],
		[86, "U1_19", 1946.06, 3113.38, "B", "DIP", "U1_19", "", "C", 62.99, 62.99, 39.37, 90],
		[87, "U1_20", 2046.06, 3113.38, "T", "DIP", "U1_20", "", "C", 62.99, 62.99, 39.37, 90],
		[88, "U1_20", 2046.06, 3113.38, "B", "DIP", "U1_20", "", "C", 62.99, 62.99, 39.37, 90],
		[89, "U1_21", 2046.06, 3813.37, "T", "DIP", "U1_21", "", "C", 62.99, 62.99, 39.37, 90],
		[90, "U1_21", 2046.06, 3813.37, "B", "DIP", "U1_21", "", "C", 62.99, 62.99, 39.37, 90],
		[91, "U1_22", 1946.06, 3813.37, "T", "DIP", "U1_22", "", "C", 62.99, 62.99, 39.37, 90],
		[92, "U1_22", 1946.06, 3813.37, "B", "DIP", "U1_22", "", "C", 62.99, 62.99, 39.37, 90],
		[93, "U1_23", 1846.06, 3813.38, "T", "DIP", "U1_23", "", "R", 62.99, 62.99, 39.37, 90],
		[94, "U1_23", 1846.06, 3813.38, "B", "DIP", "U1_23", "", "R", 62.99, 62.99, 39.37, 90],
		[95, "U1_24", 1746.06, 3813.37, "T", "DIP", "U1_24", "", "C", 62.99, 62.99, 39.37, 90],
		[96, "U1_24", 1746.06, 3813.37, "B", "DIP", "U1_24", "", "C", 62.99, 62.99, 39.37, 90],
		[97, "U1_25", 1646.06, 3813.37, "T", "DIP", "U1_25", "", "C", 62.99, 62.99, 39.37, 90],
		[98, "U1_25", 1646.06, 3813.37, "B", "DIP", "U1_25", "", "C", 62.99, 62.99, 39.37, 90],
		[99, "U1_26", 1546.06, 3813.37, "T", "DIP", "U1_26", "", "C", 62.99, 62.99, 39.37, 90],
		[100, "U1_26", 1546.06, 3813.37, "B", "DIP", "U1_26", "", "C", 62.99, 62.99, 39.37, 90],
		[101, "U1_27", 1446.06, 3813.37, "T", "DIP", "U1_27", "", "C", 62.99, 62.99, 39.37, 90],
		[102, "U1_27", 1446.06, 3813.37, "B", "DIP", "U1_27", "", "C", 62.99, 62.99, 39.37, 90],
		[103, "U1_28", 1346.06, 3813.38, "T", "DIP", "U1_28", "", "R", 62.99, 62.99, 39.37, 90],
		[104, "U1_28", 1346.06, 3813.38, "B", "DIP", "U1_28", "", "R", 62.99, 62.99, 39.37, 90],
		[105, "U1_29", 1246.07, 3813.37, "T", "DIP", "U1_29", "", "C", 62.99, 62.99, 39.37, 90],
		[106, "U1_29", 1246.07, 3813.37, "B", "DIP", "U1_29", "", "C", 62.99, 62.99, 39.37, 90],
		[107, "U1_30", 1146.07, 3813.37, "T", "DIP", "U1_30", "", "C", 62.99, 62.99, 39.37, 90],
		[108, "U1_30", 1146.07, 3813.37, "B", "DIP", "U1_30", "", "C", 62.99, 62.99, 39.37, 90],
		[109, "U1_31", 1046.07, 3813.37, "T", "DIP", "U1_31", "", "C", 62.99, 62.99, 39.37, 90],
		[110, "U1_31", 1046.07, 3813.37, "B", "DIP", "U1_31", "", "C", 62.99, 62.99, 39.37, 90],
		[111, "U1_32", 946.07, 3813.37, "T", "DIP", "U1_32", "", "C", 62.99, 62.99, 39.37, 90],
		[112, "U1_32", 946.07, 3813.37, "B", "DIP", "U1_32", "", "C", 62.99, 62.99, 39.37, 90],
		[113, "U1_33", 846.06, 3813.38, "T", "DIP", "U1_33", "", "R", 62.99, 62.99, 39.37, 90],
		[114, "U1_33", 846.06, 3813.38, "B", "DIP", "U1_33", "", "R", 62.99, 62.99, 39.37, 90],
		[115, "U1_34", 746.07, 3813.37, "T", "DIP", "N$13508", "", "C", 62.99, 62.99, 39.37, 90],
		[116, "U1_34", 746.07, 3813.37, "B", "DIP", "N$13508", "", "C", 62.99, 62.99, 39.37, 90],
		[117, "U1_35", 646.07, 3813.37, "T", "DIP", "N$13501", "", "C", 62.99, 62.99, 39.37, 90],
		[118, "U1_35", 646.07, 3813.37, "B", "DIP", "N$13501", "", "C", 62.99, 62.99, 39.37, 90],
		[119, "U1_36", 546.07, 3813.37, "T", "DIP", "U1_36", "", "C", 62.99, 62.99, 39.37, 90],
		[120, "U1_36", 546.07, 3813.37, "B", "DIP", "U1_36", "", "C", 62.99, 62.99, 39.37, 90],
		[121, "U1_37", 446.07, 3813.37, "T", "DIP", "U1_37", "", "C", 62.99, 62.99, 39.37, 90],
		[122, "U1_37", 446.07, 3813.37, "B", "DIP", "U1_37", "", "C", 62.99, 62.99, 39.37, 90],
		[123, "U1_38", 346.06, 3813.38, "T", "DIP", "N$12975", "", "R", 62.99, 62.99, 39.37, 90],
		[124, "U1_38", 346.06, 3813.38, "B", "DIP", "N$12975", "", "R", 62.99, 62.99, 39.37, 90],
		[125, "U1_39", 246.07, 3813.37, "T", "DIP", "U1_39", "", "C", 62.99, 62.99, 39.37, 90],
		[126, "U1_39", 246.07, 3813.37, "B", "DIP", "U1_39", "", "C", 62.99, 62.99, 39.37, 90],
		[127, "U1_40", 146.07, 3813.37, "T", "DIP", "N$12982", "", "C", 62.99, 62.99, 39.37, 90],
		[128, "U1_40", 146.07, 3813.37, "B", "DIP", "N$12982", "", "C", 62.99, 62.99, 39.37, 90],
		[129, "U2_1", 1800, 2949.99, "T", "DIP", "U2_1", "", "R", 78.74, 78.74, 39.37, 0],
		[130, "U2_1", 1800, 2949.99, "B", "DIP", "U2_1", "", "R", 78.74, 78.74, 39.37, 0],
		[131, "U2_2", 1800, 2849.99, "T", "DIP", "U2_2", "", "C", 78.74, 78.74, 39.37, 0],
		[132, "U2_2", 1800, 2849.99, "B", "DIP", "U2_2", "", "C", 78.74, 78.74, 39.37, 0],
		[133, "U2_3", 1800, 2749.99, "T", "DIP", "U2_3", "", "C", 78.74, 78.74, 39.37, 0],
		[134, "U2_3", 1800, 2749.99, "B", "DIP", "U2_3", "", "C", 78.74, 78.74, 39.37, 0],
		[135, "U2_4", 1800, 2649.99, "T", "DIP", "U2_4", "", "C", 78.74, 78.74, 39.37, 0],
		[136, "U2_4", 1800, 2649.99, "B", "DIP", "U2_4", "", "C", 78.74, 78.74, 39.37, 0],
		[137, "U2_5", 1800, 2549.99, "T", "DIP", "U2_5", "", "C", 78.74, 78.74, 39.37, 0],
		[138, "U2_5", 1800, 2549.99, "B", "DIP", "U2_5", "", "C", 78.74, 78.74, 39.37, 0],
		[139, "U2_6", 1800, 2449.99, "T", "DIP", "U2_6", "", "C", 78.74, 78.74, 39.37, 0],
		[140, "U2_6", 1800, 2449.99, "B", "DIP", "U2_6", "", "C", 78.74, 78.74, 39.37, 0],
		[141, "U2_7", 1800, 2349.99, "T", "DIP", "U2_7", "", "C", 78.74, 78.74, 39.37, 0],
		[142, "U2_7", 1800, 2349.99, "B", "DIP", "U2_7", "", "C", 78.74, 78.74, 39.37, 0],
		[143, "U2_8", 1800, 2249.99, "T", "DIP", "N$12975", "", "C", 78.74, 78.74, 39.37, 0],
		[144, "U2_8", 1800, 2249.99, "B", "DIP", "N$12975", "", "C", 78.74, 78.74, 39.37, 0],
		[145, "U2_9", 2100, 2249.99, "T", "DIP", "N$12982", "", "C", 78.74, 78.74, 39.37, 0],
		[146, "U2_9", 2100, 2249.99, "B", "DIP", "N$12982", "", "C", 78.74, 78.74, 39.37, 0],
		[147, "U2_10", 2100, 2349.99, "T", "DIP", "U2_10", "", "C", 78.74, 78.74, 39.37, 0],
		[148, "U2_10", 2100, 2349.99, "B", "DIP", "U2_10", "", "C", 78.74, 78.74, 39.37, 0],
		[149, "U2_11", 2100, 2449.99, "T", "DIP", "U2_11", "", "C", 78.74, 78.74, 39.37, 0],
		[150, "U2_11", 2100, 2449.99, "B", "DIP", "U2_11", "", "C", 78.74, 78.74, 39.37, 0],
		[151, "U2_12", 2100, 2549.99, "T", "DIP", "U2_12", "", "C", 78.74, 78.74, 39.37, 0],
		[152, "U2_12", 2100, 2549.99, "B", "DIP", "U2_12", "", "C", 78.74, 78.74, 39.37, 0],
		[153, "U2_13", 2100, 2649.99, "T", "DIP", "N$13266", "", "C", 78.74, 78.74, 39.37, 0],
		[154, "U2_13", 2100, 2649.99, "B", "DIP", "N$13266", "", "C", 78.74, 78.74, 39.37, 0],
		[155, "U2_14", 2100, 2749.99, "T", "DIP", "N$13259", "", "C", 78.74, 78.74, 39.37, 0],
		[156, "U2_14", 2100, 2749.99, "B", "DIP", "N$13259", "", "C", 78.74, 78.74, 39.37, 0],
		[157, "U2_15", 2100, 2849.99, "T", "DIP", "N$13252", "", "C", 78.74, 78.74, 39.37, 0],
		[158, "U2_15", 2100, 2849.99, "B", "DIP", "N$13252", "", "C", 78.74, 78.74, 39.37, 0],
		[159, "U2_16", 2100, 2949.99, "T", "DIP", "N$13245", "", "C", 78.74, 78.74, 39.37, 0],
		[160, "U2_16", 2100, 2949.99, "B", "DIP", "N$13245", "", "C", 78.74, 78.74, 39.37, 0],
		[161, "PAD1_2", 150, 2749.99, "T", "DIP", "N$13085", "", "C", 60, 60, 36, 270],
		[162, "PAD1_2", 150, 2749.99, "B", "DIP", "N$13085", "", "C", 60, 60, 36, 270],
		[163, "PAD2_2", 350, 2754.99, "T", "DIP", "N$13092", "", "C", 60, 60, 36, 270],
		[164, "PAD2_2", 350, 2754.99, "B", "DIP", "N$13092", "", "C", 60, 60, 36, 270],
		[165, "PAD3_2", 550, 2754.99, "T", "DIP", "N$13099", "", "C", 60, 60, 36, 270],
		[166, "PAD3_2", 550, 2754.99, "B", "DIP", "N$13099", "", "C", 60, 60, 36, 270],
		[167, "PAD4_2", 750, 2754.99, "T", "DIP", "N$13106", "", "C", 60, 60, 36, 270],
		[168, "PAD4_2", 750, 2754.99, "B", "DIP", "N$13106", "", "C", 60, 60, 36, 270],
		[169, "PAD5_2", 950, 2754.99, "T", "DIP", "N$13113", "", "C", 60, 60, 36, 270],
		[170, "PAD5_2", 950, 2754.99, "B", "DIP", "N$13113", "", "C", 60, 60, 36, 270],
		[171, "PAD6_2", 1150, 2754.99, "T", "DIP", "N$13120", "", "C", 60, 60, 36, 270],
		[172, "PAD6_2", 1150, 2754.99, "B", "DIP", "N$13120", "", "C", 60, 60, 36, 270],
		[173, "PAD7_2", 1350, 2754.99, "T", "DIP", "N$13127", "", "C", 60, 60, 36, 270],
		[174, "PAD7_2", 1350, 2754.99, "B", "DIP", "N$13127", "", "C", 60, 60, 36, 270],
		[175, "PAD8_2", 1550, 2754.99, "T", "DIP", "N$13134", "", "C", 60, 60, 36, 270],
		[176, "PAD8_2", 1550, 2754.99, "B", "DIP", "N$13134", "", "C", 60, 60, 36, 270],
		[177, "PAD9_2", 1650, 2754.99, "T", "DIP", "N$13238", "", "C", 60, 60, 36, 270],
		[178, "PAD9_2", 1650, 2754.99, "B", "DIP", "N$13238", "", "C", 60, 60, 36, 270],
		[179, "PAD10_3", 1650, 2559.99, "T", "DIP", "N$12982", "", "C", 60, 60, 36, 270],
		[180, "PAD10_3", 1650, 2559.99, "B", "DIP", "N$12982", "", "C", 60, 60, 36, 270],
		[181, "PAD11_2", 1450, 2754.99, "T", "DIP", "N$13231", "", "C", 60, 60, 36, 270],
		[182, "PAD11_2", 1450, 2754.99, "B", "DIP", "N$13231", "", "C", 60, 60, 36, 270],
		[183, "PAD12_3", 1450, 2559.99, "T", "DIP", "N$12982", "", "C", 60, 60, 36, 270],
		[184, "PAD12_3", 1450, 2559.99, "B", "DIP", "N$12982", "", "C", 60, 60, 36, 270],
		[185, "PAD13_2", 1250, 2754.99, "T", "DIP", "N$13224", "", "C", 60, 60, 36, 270],
		[186, "PAD13_2", 1250, 2754.99, "B", "DIP", "N$13224", "", "C", 60, 60, 36, 270],
		[187, "PAD14_3", 1250, 2559.99, "T", "DIP", "N$12982", "", "C", 60, 60, 36, 270],
		[188, "PAD14_3", 1250, 2559.99, "B", "DIP", "N$12982", "", "C", 60, 60, 36, 270],
		[189, "PAD15_2", 1050, 2754.99, "T", "DIP", "N$13217", "", "C", 60, 60, 36, 270],
		[190, "PAD15_2", 1050, 2754.99, "B", "DIP", "N$13217", "", "C", 60, 60, 36, 270],
		[191, "PAD16_3", 1050, 2559.99, "T", "DIP", "N$12982", "", "C", 60, 60, 36, 270],
		[192, "PAD16_3", 1050, 2559.99, "B", "DIP", "N$12982", "", "C", 60, 60, 36, 270],
		[193, "PAD17_2", 850, 2754.99, "T", "DIP", "N$13210", "", "C", 60, 60, 36, 270],
		[194, "PAD17_2", 850, 2754.99, "B", "DIP", "N$13210", "", "C", 60, 60, 36, 270],
		[195, "PAD18_3", 850, 2559.99, "T", "DIP", "N$12982", "", "C", 60, 60, 36, 270],
		[196, "PAD18_3", 850, 2559.99, "B", "DIP", "N$12982", "", "C", 60, 60, 36, 270],
		[197, "PAD19_2", 650, 2754.99, "T", "DIP", "N$13203", "", "C", 60, 60, 36, 270],
		[198, "PAD19_2", 650, 2754.99, "B", "DIP", "N$13203", "", "C", 60, 60, 36, 270],
		[199, "PAD20_3", 650, 2559.99, "T", "DIP", "N$12982", "", "C", 60, 60, 36, 270],
		[200, "PAD20_3", 650, 2559.99, "B", "DIP", "N$12982", "", "C", 60, 60, 36, 270],
		[201, "PAD21_2", 450, 2754.99, "T", "DIP", "N$13196", "", "C", 60, 60, 36, 270],
		[202, "PAD21_2", 450, 2754.99, "B", "DIP", "N$13196", "", "C", 60, 60, 36, 270],
		[203, "PAD22_3", 450, 2559.99, "T", "DIP", "N$12982", "", "C", 60, 60, 36, 270],
		[204, "PAD22_3", 450, 2559.99, "B", "DIP", "N$12982", "", "C", 60, 60, 36, 270],
		[205, "PAD23_3", 250, 2554.99, "T", "DIP", "N$12982", "", "C", 60, 60, 36, 270],
		[206, "PAD23_3", 250, 2554.99, "B", "DIP", "N$12982", "", "C", 60, 60, 36, 270],
		[207, "PAD24_2", 250, 2749.99, "T", "DIP", "N$13189", "", "C", 60, 60, 36, 270],
		[208, "PAD24_2", 250, 2749.99, "B", "DIP", "N$13189", "", "C", 60, 60, 36, 270],
		[209, "PAD25_4", 2300, 3224.99, "T", "DIP", "N$12982", "", "C", 60, 60, 36, 90],
		[210, "PAD25_4", 2300, 3224.99, "B", "DIP", "N$12982", "", "C", 60, 60, 36, 90],
		[211, "PAD26_5", 2300, 3324.99, "T", "DIP", "N$13501", "", "C", 60, 60, 36, 90],
		[212, "PAD26_5", 2300, 3324.99, "B", "DIP", "N$13501", "", "C", 60, 60, 36, 90],
		[213, "PAD27_6", 2300, 3424.99, "T", "DIP", "N$13508", "", "C", 60, 60, 36, 90],
		[214, "PAD27_6", 2300, 3424.99, "B", "DIP", "N$13508", "", "C", 60, 60, 36, 90],
		[215, "PAD28_7", 2300, 3524.99, "T", "DIP", "N$12975", "", "C", 60, 60, 36, 90],
		[216, "PAD28_7", 2300, 3524.99, "B", "DIP", "N$12975", "", "C", 60, 60, 36, 90],
		[217, "PAD29_8", 2300, 3624.99, "T", "DIP", "N$12975", "", "C", 60, 60, 36, 90],
		[218, "PAD29_8", 2300, 3624.99, "B", "DIP", "N$12975", "", "C", 60, 60, 36, 90],
		[219, "PAD30_11", 2300, 2399.99, "T", "DIP", "N$12982", "", "C", 60, 60, 36, 90],
		[220, "PAD30_11", 2300, 2399.99, "B", "DIP", "N$12982", "", "C", 60, 60, 36, 90],
		[221, "PAD31_12", 2300, 2499.99, "T", "DIP", "N$13266", "", "C", 60, 60, 36, 90],
		[222, "PAD31_12", 2300, 2499.99, "B", "DIP", "N$13266", "", "C", 60, 60, 36, 90],
		[223, "PAD32_13", 2300, 2599.99, "T", "DIP", "N$13259", "", "C", 60, 60, 36, 90],
		[224, "PAD32_13", 2300, 2599.99, "B", "DIP", "N$13259", "", "C", 60, 60, 36, 90],
		[225, "PAD33_14", 2300, 2699.99, "T", "DIP", "N$13252", "", "C", 60, 60, 36, 90],
		[226, "PAD33_14", 2300, 2699.99, "B", "DIP", "N$13252", "", "C", 60, 60, 36, 90],
		[227, "PAD34_15", 2300, 2799.99, "T", "DIP", "N$13245", "", "C", 60, 60, 36, 90],
		[228, "PAD34_15", 2300, 2799.99, "B", "DIP", "N$13245", "", "C", 60, 60, 36, 90],
		[229, "PAD35_17", 2450, 2974.99, "T", "DIP", "N$12975", "", "C", 60, 60, 36, 0],
		[230, "PAD35_17", 2450, 2974.99, "B", "DIP", "N$12975", "", "C", 60, 60, 36, 0],
		[231, "PAD36_18", 2450, 3074.99, "T", "DIP", "N$12982", "", "C", 60, 60, 36, 0],
		[232, "PAD36_18", 2450, 3074.99, "B", "DIP", "N$12982", "", "C", 60, 60, 36, 0],
		[233, "PAD37_19", 150, 2349.99, "T", "DIP", "N$12982", "", "C", 60, 60, 36, 0],
		[234, "PAD37_19", 150, 2349.99, "B", "DIP", "N$12982", "", "C", 60, 60, 36, 0],
		[235, "PAD38_20", 150, 2449.99, "T", "DIP", "N$13189", "", "C", 60, 60, 36, 0],
		[236, "PAD38_20", 150, 2449.99, "B", "DIP", "N$13189", "", "C", 60, 60, 36, 0],
		[237, "PAD39_21", 350, 2349.99, "T", "DIP", "N$12982", "", "C", 60, 60, 36, 0],
		[238, "PAD39_21", 350, 2349.99, "B", "DIP", "N$12982", "", "C", 60, 60, 36, 0],
		[239, "PAD40_23", 350, 2449.99, "T", "DIP", "N$13196", "", "C", 60, 60, 36, 0],
		[240, "PAD40_23", 350, 2449.99, "B", "DIP", "N$13196", "", "C", 60, 60, 36, 0],
		[241, "PAD41_24", 550, 2449.99, "T", "DIP", "N$13203", "", "C", 60, 60, 36, 0],
		[242, "PAD41_24", 550, 2449.99, "B", "DIP", "N$13203", "", "C", 60, 60, 36, 0],
		[243, "PAD42_25", 550, 2349.99, "T", "DIP", "N$12982", "", "C", 60, 60, 36, 0],
		[244, "PAD42_25", 550, 2349.99, "B", "DIP", "N$12982", "", "C", 60, 60, 36, 0],
		[245, "PAD43_26", 750, 2449.99, "T", "DIP", "N$13210", "", "C", 60, 60, 36, 0],
		[246, "PAD43_26", 750, 2449.99, "B", "DIP", "N$13210", "", "C", 60, 60, 36, 0],
		[247, "PAD44_27", 750, 2349.99, "T", "DIP", "N$12982", "", "C", 60, 60, 36, 0],
		[248, "PAD44_27", 750, 2349.99, "B", "DIP", "N$12982", "", "C", 60, 60, 36, 0],
		[249, "PAD45_28", 950, 2449.99, "T", "DIP", "N$13217", "", "C", 60, 60, 36, 0],
		[250, "PAD45_28", 950, 2449.99, "B", "DIP", "N$13217", "", "C", 60, 60, 36, 0],
		[251, "PAD46_29", 950, 2349.99, "T", "DIP", "N$12982", "", "C", 60, 60, 36, 0],
		[252, "PAD46_29", 950, 2349.99, "B", "DIP", "N$12982", "", "C", 60, 60, 36, 0],
		[253, "PAD47_30", 1150, 2449.99, "T", "DIP", "N$13224", "", "C", 60, 60, 36, 0],
		[254, "PAD47_30", 1150, 2449.99, "B", "DIP", "N$13224", "", "C", 60, 60, 36, 0],
		[255, "PAD48_31", 1150, 2349.99, "T", "DIP", "N$12982", "", "C", 60, 60, 36, 0],
		[256, "PAD48_31", 1150, 2349.99, "B", "DIP", "N$12982", "", "C", 60, 60, 36, 0],
		[257, "PAD49_32", 1350, 2449.99, "T", "DIP", "N$13231", "", "C", 60, 60, 36, 0],
		[258, "PAD49_32", 1350, 2449.99, "B", "DIP", "N$13231", "", "C", 60, 60, 36, 0],
		[259, "PAD50_33", 1350, 2349.99, "T", "DIP", "N$12982", "", "C", 60, 60, 36, 0],
		[260, "PAD50_33", 1350, 2349.99, "B", "DIP", "N$12982", "", "C", 60, 60, 36, 0],
		[261, "PAD51_34", 1550, 2449.99, "T", "DIP", "N$13238", "", "C", 60, 60, 36, 0],
		[262, "PAD51_34", 1550, 2449.99, "B", "DIP", "N$13238", "", "C", 60, 60, 36, 0],
		[263, "PAD52_35", 1550, 2349.99, "T", "DIP", "N$12982", "", "C", 60, 60, 36, 0],
		[264, "PAD52_35", 1550, 2349.99, "B", "DIP", "N$12982", "", "C", 60, 60, 36, 0]
	]
}
}