{
"lengthUnit": "mil",
"components": {
	"fields": ["COMPONENT_NO", "COMPONENT_NAME", "LAYER", "X_COORDINATE", "Y_COORDINATE", "ANGLE"],
	"rows": [
		[1, "D1", "T", 775, 5299.99, 270],
		[2, "D2", "T", 775, 4799.99, 270],
		[3, "D3", "T", 775, 4299.99, 270],
		[4, "D4", "T", 775, 3799.99, 270],
		[5, "D13", "T", 775, 3299.99, 270],
		[6, "D14", "T", 775, 2799.99, 270],
		[7, "D15", "T", 775, 2299.99, 270],
		[8, "D16", "T", 775, 1800, 270],
		[9, "M1", "T", 1325, 5299.99, 0],
		[10, "M2", "T", 1325, 4799.99, 0],
		[11, "M3", "T", 1325, 4299.99, 0],
		[12, "M4", "T", 1325, 3799.99, 0],
		[13, "M5", "T", 1325, 3299.99, 0],
		[14, "M6", "T", 1325, 2799.99, 0],
		[15, "M7", "T", 1325, 2299.99, 0],
		[16, "M8", "T", 1325, 1800, 0],
		[17, "U1", "T", 1850, 3449.99, 0],
		[18, "U2", "T", 1075, 1800, 180],
		[19, "U3", "T", 1075, 2299.99, 180],
		[20, "U4", "T", 1075, 2799.99, 180],
		[21, "U5", "T", 1075, 3299.99, 180],
		[22, "U6", "T", 1075, 3799.99, 180],
		[23, "U7", "T", 1075, 4299.99, 180],
		[24, "U8", "T", 1075, 4799.99, 180],
		[25, "U9", "T", 1075, 5299.99, 180],
		[26, "U10", "T", 2499.99, 1800, 270],
		[27, "U14", "T", 475, 5349.99, 0],
		[28, "U15", "T", 475, 4849.99, 0],
		[29, "U16", "T", 475, 4349.99, 0],
		[30, "U17", "T", 475, 3849.99, 0],
		[31, "U18", "T", 475, 3349.99, 0],
		[32, "U19", "T", 475, 2849.99, 0],
		[33, "U20", "T", 475, 2349.99, 0],
		[34, "U21", "T", 475, 1850, 0],
		[35, "U29", "T", 4074.99, 1675, 180],
		[36, "U30", "T", 3949.99, 2999.99, 180],
		[37, "PAD1", "T", 3919.99, 5131.17, 0],
		[38, "PAD1", "B", 3919.99, 5131.17, 0],
		[39, "PAD2", "T", 3919.99, 5031.17, 0],
		[40, "PAD2", "B", 3919.99, 5031.17, 0],
		[41, "PAD3", "T", 3919.99, 4931.17, 0],
		[42, "PAD3", "B", 3919.99, 4931.17, 0]
	]
},
"pins": {
	"fields": ["PIN_NO", "PIN_NAME", "PIN_X", "PIN_Y", "LAYER", "PIN_TYPE", "NET_NAME", "NET_TYPE", "PAD_SHAPE", "PAD_SIZEX", "PAD_SIZEY", "HOLE_SIZE", "PAD_ANGLE"],
	"rows": [
		[1, "D1_A", 775, 5499.99, "T", "DIP", "U9_21", "", "C", 78, 78, 39.37, 270],
		[2, "D1_A", 775, 5499.99, "B", "DIP", "U9_21", "", "C", 78, 78, 39.37, 270],
		[3, "D1_C", 775, 5099.99, "T", "DIP", "VCC", "", "C", 78, 78, 39.37, 270],
		[4, "D1_C", 775, 5099.99, "B", "DIP", "VCC", "", "C", 78, 78, 39.37, 270],
		[5, "D2_A", 775, 4999.99, "T", "DIP", "U8_21", "", "C", 78, 78, 39.37, 270],
		[6, "D2_A", 775, 4999.99, "B", "DIP", "U8_21", "", "C", 78, 78, 39.37, 270],
		[7, "D2_C", 775, 4599.99, "T", "DIP", "VCC", "", "C", 78, 78, 39.37, 270],
		[8, "D2_C", 775, 4599.99, "B", "DIP", "VCC", "", "C", 78, 78, 39.37, 270],
		[9, "D3_A", 775, 4499.99, "T", "DIP", "U7_21", "", "C", 78, 78, 39.37, 270],
		[10, "D3_A", 775, 4499.99, "B", "DIP", "U7_21", "", "C", 78, 78, 39.37, 270],
		[11, "D3_C", 775, 4099.99, "T", "DIP", "VCC", "", "C", 78, 78, 39.37, 270],
		[12, "D3_C", 775, 4099.99, "B", "DIP", "VCC", "", "C", 78, 78, 39.37, 270],
		[13, "D4_A", 775, 3999.99, "T", "DIP", "U6_21", "", "C", 78, 78, 39.37, 270],
		[14, "D4_A", 775, 3999.99, "B", "DIP", "U6_21", "", "C", 78, 78, 39.37, 270],
		[15, "D4_C", 775, 3599.99, "T", "DIP", "VCC", "", "C", 78, 78, 39.37, 270],
		[16, "D4_C", 775, 3599.99, "B", "DIP", "VCC", "", "C", 78, 78, 39.37, 270],
		[17, "D13_A", 775, 3499.99, "T", "DIP", "U5_21", "", "C", 78, 78, 39.37, 270],
		[18, "D13_A", 775, 3499.99, "B", "DIP", "U5_21", "", "C", 78, 78, 39.37, 270],
		[19, "D13_C", 775, 3099.99, "T", "DIP", "VCC", "", "C", 78, 78, 39.37, 270],
		[20, "D13_C", 775, 3099.99, "B", "DIP", "VCC", "", "C", 78, 78, 39.37, 270],
		[21, "D14_A", 775, 2999.99, "T", "DIP", "U4_21", "", "C", 78, 78, 39.37, 270],
		[22, "D14_A", 775, 2999.99, "B", "DIP", "U4_21", "", "C", 78, 78, 39.37, 270],
		[23, "D14_C", 775, 2599.99, "T", "DIP", "VCC", "", "C", 78, 78, 39.37, 270],
		[24, "D14_C", 775, 2599.99, "B", "DIP", "VCC", "", "C", 78, 78, 39.37, 270],
		[25, "D15_A", 775, 2500, "T", "DIP", "U3_21", "", "C", 78, 78, 39.37, 270],
		[26, "D15_A", 775, 2500, "B", "DIP", "U3_21", "", "C", 78, 78, 39.37, 270],
		[27, "D15_C", 775, 2100, "T", "DIP", "VCC", "", "C", 78, 78, 39.37, 270],
		[28, "D15_C", 775, 2100, "B", "DIP", "VCC", "", "C", 78, 78, 39.37, 270],
		[29, "D16_A", 775, 2000, "T", "DIP", "U2_21", "", "C", 78, 78, 39.37, 270],
		[30, "D16_A", 775, 2000, "B", "DIP", "U2_21", "", "C", 78, 78, 39.37, 270],
		[31, "D16_C", 775, 1600, "T", "DIP", "VCC", "", "C", 78, 78, 39.37, 270],
		[32, "D16_C", 775, 1600, "B", "DIP", "VCC", "", "C", 78, 78, 39.37, 270],
		[33, "M1_1", 1325, 5299.99, "T", "DIP", "U9_20", "", "C", 60, 60, 36, 0],
		[34, "M1_1", 1325, 5299.99, "B", "DIP", "U9_20", "", "C", 60, 60, 36, 0],
		[35, "M1_2", 1639.96, 5299.99, "T", "DIP", "U1_1", "", "C", 60, 60, 36, 0],
		[36, "M1_2", 1639.96, 5299.99, "B", "DIP", "U1_1", "", "C", 60, 60, 36, 0],
		[37, "M2_1", 1325, 4799.99, "T", "DIP", "U8_20", "", "C", 60, 60, 36, 0],
		[38, "M2_1", 1325, 4799.99, "B", "DIP", "U8_20", "", "C", 60, 60, 36, 0],
		[39, "M2_2", 1639.96, 4799.99, "T", "DIP", "U1_2", "", "C", 60, 60, 36, 0],
		[40, "M2_2", 1639.96, 4799.99, "B", "DIP", "U1_2", "", "C", 60, 60, 36, 0],
		[41, "M3_1", 1325, 4299.99, "T", "DIP", "U7_20", "", "C", 60, 60, 36, 0],
		[42, "M3_1", 1325, 4299.99, "B", "DIP", "U7_20", "", "C", 60, 60, 36, 0],
		[43, "M3_2", 1639.96, 4299.99, "T", "DIP", "U1_4", "", "C", 60, 60, 36, 0],
		[44, "M3_2", 1639.96, 4299.99, "B", "DIP", "U1_4", "", "C", 60, 60, 36, 0],
		[45, "M4_1", 1325, 3799.99, "T", "DIP", "U6_20", "", "C", 60, 60, 36, 0],
		[46, "M4_1", 1325, 3799.99, "B", "DIP", "U6_20", "", "C", 60, 60, 36, 0],
		[47, "M4_2", 1639.96, 3799.99, "T", "DIP", "U1_5", "", "C", 60, 60, 36, 0],
		[48, "M4_2", 1639.96, 3799.99, "B", "DIP", "U1_5", "", "C", 60, 60, 36, 0],
		[49, "M5_1", 1325, 3299.99, "T", "DIP", "U5_20", "", "C", 60, 60, 36, 0],
		[50, "M5_1", 1325, 3299.99, "B", "DIP", "U5_20", "", "C", 60, 60, 36, 0],
		[51, "M5_2", 1639.96, 3299.99, "T", "DIP", "U1_9", "", "C", 60, 60, 36, 0],
		[52, "M5_2", 1639.96, 3299.99, "B", "DIP", "U1_9", "", "C", 60, 60, 36, 0],
		[53, "M6_1", 1325, 2799.99, "T", "DIP", "U4_20", "", "C", 60, 60, 36, 0],
		[54, "M6_1", 1325, 2799.99, "B", "DIP", "U4_20", "", "C", 60, 60, 36, 0],
		[55, "M6_2", 1639.96, 2799.99, "T", "DIP", "U1_10", "", "C", 60, 60, 36, 0],
		[56, "M6_2", 1639.96, 2799.99, "B", "DIP", "U1_10", "", "C", 60, 60, 36, 0],
		[57, "M7_1", 1325, 2300, "T", "DIP", "U3_20", "", "C", 60, 60, 36, 0],
		[58, "M7_1", 1325, 2300, "B", "DIP", "U3_20", "", "C", 60, 60, 36, 0],
		[59, "M7_2", 1639.96, 2300, "T", "DIP", "U1_11", "", "C", 60, 60, 36, 0],
		[60, "M7_2", 1639.96, 2300, "B", "DIP", "U1_11", "", "C", 60, 60, 36, 0],
		[61, "M8_1", 1325, 1800, "T", "DIP", "U2_20", "", "C", 60, 60, 36, 0],
		[62, "M8_1", 1325, 1800, "B", "DIP", "U2_20", "", "C", 60, 60, 36, 0],
		[63, "M8_2", 1639.96, 1800, "T", "DIP", "U1_12", "", "C", 60, 60, 36, 0],
		[64, "M8_2", 1639.96, 1800, "B", "DIP", "U1_12", "", "C", 60, 60, 36, 0],
		[65, "U1_1", 1913.39, 5403.92, "T", "DIP", "U1_1", "", "C", 62.99, 62.99, 39.37, 0],
		[66, "U1_1", 1913.39, 5403.92, "B", "DIP", "U1_1", "", "C", 62.99, 62.99, 39.37, 0],
		[67, "U1_2", 1913.39, 5303.92, "T", "DIP", "U1_2", "", "C", 62.99, 62.99, 39.37, 0],
		[68, "U1_2", 1913.39, 5303.92, "B", "DIP", "U1_2", "", "C", 62.99, 62.99, 39.37, 0],
		[69, "U1_3", 1913.38, 5203.93, "T", "DIP", "U1_3", "", "R", 62.99, 62.99, 39.37, 0],
		[70, "U1_3", 1913.38, 5203.93, "B", "DIP", "U1_3", "", "R", 62.99, 62.99, 39.37, 0],
		[71, "U1_4", 1913.39, 5103.92, "T", "DIP", "U1_4", "", "C", 62.99, 62.99, 39.37, 0],
		[72, "U1_4", 1913.39, 5103.92, "B", "DIP", "U1_4", "", "C", 62.99, 62.99, 39.37, 0],
		[73, "U1_5", 1913.39, 5003.92, "T", "DIP", "U1_5", "", "C", 62.99, 62.99, 39.37, 0],
		[74, "U1_5", 1913.39, 5003.92, "B", "DIP", "U1_5", "", "C", 62.99, 62.99, 39.37, 0],
		[75, "U1_6", 1913.39, 4903.92, "T", "DIP", "U1_6", "", "C", 62.99, 62.99, 39.37, 0],
		[76, "U1_6", 1913.39, 4903.92, "B", "DIP", "U1_6", "", "C", 62.99, 62.99, 39.37, 0],
		[77, "U1_7", 1913.39, 4803.92, "T", "DIP", "U1_7", "", "C", 62.99, 62.99, 39.37, 0],
		[78, "U1_7", 1913.39, 4803.92, "B", "DIP", "U1_7", "", "C", 62.99, 62.99, 39.37, 0],
		[79, "U1_8", 1913.38, 4703.93, "T", "DIP", "U1_8", "", "R", 62.99, 62.99, 39.37, 0],
		[80, "U1_8", 1913.38, 4703.93, "B", "DIP", "U1_8", "", "R", 62.99, 62.99, 39.37, 0],
		[81, "U1_9", 1913.39, 4603.92, "T", "DIP", "U1_9", "", "C", 62.99, 62.99, 39.37, 0],
		[82, "U1_9", 1913.39, 4603.92, "B", "DIP", "U1_9", "", "C", 62.99, 62.99, 39.37, 0],
		[83, "U1_10", 1913.39, 4503.92, "T", "DIP", "U1_10", "", "C", 62.99, 62.99, 39.37, 0],
		[84, "U1_10", 1913.39, 4503.92, "B", "DIP", "U1_10", "", "C", 62.99, 62.99, 39.37, 0],
		[85, "U1_11", 1913.39, 4403.92, "T", "DIP", "U1_11", "", "C", 62.99, 62.99, 39.37, 0],
		[86, "U1_11", 1913.39, 4403.92, "B", "DIP", "U1_11", "", "C", 62.99, 62.99, 39.37, 0],
		[87, "U1_12", 1913.39, 4303.92, "T", "DIP", "U1_12", "", "C", 62.99, 62.99, 39.37, 0],
		[88, "U1_12", 1913.39, 4303.92, "B", "DIP", "U1_12", "", "C", 62.99, 62.99, 39.37, 0],
		[89, "U1_13", 1913.38, 4203.93, "T", "DIP", "U1_13", "", "R", 62.99, 62.99, 39.37, 0],
		[90, "U1_13", 1913.38, 4203.93, "B", "DIP", "U1_13", "", "R", 62.99, 62.99, 39.37, 0],
		[91, "U1_14", 1913.39, 4103.93, "T", "DIP", "U1_14", "", "C", 62.99, 62.99, 39.37, 0],
		[92, "U1_14", 1913.39, 4103.93, "B", "DIP", "U1_14", "", "C", 62.99, 62.99, 39.37, 0],
		[93, "U1_15", 1913.39, 4003.93, "T", "DIP", "U1_15", "", "C", 62.99, 62.99, 39.37, 0],
		[94, "U1_15", 1913.39, 4003.93, "B", "DIP", "U1_15", "", "C", 62.99, 62.99, 39.37, 0],
		[95, "U1_16", 1913.39, 3903.93, "T", "DIP", "U1_16", "", "C", 62.99, 62.99, 39.37, 0],
		[96, "U1_16", 1913.39, 3903.93, "B", "DIP", "U1_16", "", "C", 62.99, 62.99, 39.37, 0],
		[97, "U1_17", 1913.39, 3803.93, "T", "DIP", "U1_17", "", "C", 62.99, 62.99, 39.37, 0],
		[98, "U1_17", 1913.39, 3803.93, "B", "DIP", "U1_17", "", "C", 62.99, 62.99, 39.37, 0],
		[99, "U1_18", 1913.38, 3703.93, "T", "DIP", "U1_18", "", "R", 62.99, 62.99, 39.37, 0],
		[100, "U1_18", 1913.38, 3703.93, "B", "DIP", "U1_18", "", "R", 62.99, 62.99, 39.37, 0],
		[101, "U1_19", 1913.39, 3603.93, "T", "DIP", "U1_19", "", "C", 62.99, 62.99, 39.37, 0],
		[102, "U1_19", 1913.39, 3603.93, "B", "DIP", "U1_19", "", "C", 62.99, 62.99, 39.37, 0],
		[103, "U1_20", 1913.39, 3503.93, "T", "DIP", "U1_20", "", "C", 62.99, 62.99, 39.37, 0],
		[104, "U1_20", 1913.39, 3503.93, "B", "DIP", "U1_20", "", "C", 62.99, 62.99, 39.37, 0],
		[105, "U1_21", 2613.38, 3503.93, "T", "DIP", "U1_21", "", "C", 62.99, 62.99, 39.37, 0],
		[106, "U1_21", 2613.38, 3503.93, "B", "DIP", "U1_21", "", "C", 62.99, 62.99, 39.37, 0],
		[107, "U1_22", 2613.38, 3603.93, "T", "DIP", "U1_22", "", "C", 62.99, 62.99, 39.37, 0],
		[108, "U1_22", 2613.38, 3603.93, "B", "DIP", "U1_22", "", "C", 62.99, 62.99, 39.37, 0],
		[109, "U1_23", 2613.38, 3703.93, "T", "DIP", "U1_23", "", "R", 62.99, 62.99, 39.37, 0],
		[110, "U1_23", 2613.38, 3703.93, "B", "DIP", "U1_23", "", "R", 62.99, 62.99, 39.37, 0],
		[111, "U1_24", 2613.38, 3803.93, "T", "DIP", "U1_24", "", "C", 62.99, 62.99, 39.37, 0],
		[112, "U1_24", 2613.38, 3803.93, "B", "DIP", "U1_24", "", "C", 62.99, 62.99, 39.37, 0],
		[113, "U1_25", 2613.38, 3903.93, "T", "DIP", "U1_25", "", "C", 62.99, 62.99, 39.37, 0],
		[114, "U1_25", 2613.38, 3903.93, "B", "DIP", "U1_25", "", "C", 62.99, 62.99, 39.37, 0],
		[115, "U1_26", 2613.38, 4003.93, "T", "DIP", "U1_26", "", "C", 62.99, 62.99, 39.37, 0],
		[116, "U1_26", 2613.38, 4003.93, "B", "DIP", "U1_26", "", "C", 62.99, 62.99, 39.37, 0],
		[117, "U1_27", 2613.38, 4103.93, "T", "DIP", "U1_27", "", "C", 62.99, 62.99, 39.37, 0],
		[118, "U1_27", 2613.38, 4103.93, "B", "DIP", "U1_27", "", "C", 62.99, 62.99, 39.37, 0],
		[119, "U1_28", 2613.38, 4203.93, "T", "DIP", "U1_28", "", "R", 62.99, 62.99, 39.37, 0],
		[120, "U1_28", 2613.38, 4203.93, "B", "DIP", "U1_28", "", "R", 62.99, 62.99, 39.37, 0],
		[121, "U1_29", 2613.38, 4303.92, "T", "DIP", "U1_29", "", "C", 62.99, 62.99, 39.37, 0],
		[122, "U1_29", 2613.38, 4303.92, "B", "DIP", "U1_29", "", "C", 62.99, 62.99, 39.37, 0],
		[123, "U1_30", 2613.38, 4403.92, "T", "DIP", "U1_30", "", "C", 62.99, 62.99, 39.37, 0],
		[124, "U1_30", 2613.38, 4403.92, "B", "DIP", "U1_30", "", "C", 62.99, 62.99, 39.37, 0],
		[125, "U1_31", 2613.38, 4503.92, "T", "DIP", "U1_31", "", "C", 62.99, 62.99, 39.37, 0],
		[126, "U1_31", 2613.38, 4503.92, "B", "DIP", "U1_31", "", "C", 62.99, 62.99, 39.37, 0],
		[127, "U1_32", 2613.38, 4603.92, "T", "DIP", "U1_32", "", "C", 62.99, 62.99, 39.37, 0],
		[128, "U1_32", 2613.38, 4603.92, "B", "DIP", "U1_32", "", "C", 62.99, 62.99, 39.37, 0],
		[129, "U1_33", 2613.38, 4703.93, "T", "DIP", "U1_33", "", "R", 62.99, 62.99, 39.37, 0],
		[130, "U1_33", 2613.38, 4703.93, "B", "DIP", "U1_33", "", "R", 62.99, 62.99, 39.37, 0],
		[131, "U1_34", 2613.38, 4803.92, "T", "DIP", "U1_34", "", "C", 62.99, 62.99, 39.37, 0],
		[132, "U1_34", 2613.38, 4803.92, "B", "DIP", "U1_34", "", "C", 62.99, 62.99, 39.37, 0],
		[133, "U1_35", 2613.38, 4903.92, "T", "DIP", "U1_35", "", "C", 62.99, 62.99, 39.37, 0],
		[134, "U1_35", 2613.38, 4903.92, "B", "DIP", "U1_35", "", "C", 62.99, 62.99, 39.37, 0],
		[135, "U1_36", 2613.38, 5003.92, "T", "DIP", "U1_36", "", "C", 62.99, 62.99, 39.37, 0],
		[136, "U1_36", 2613.38, 5003.92, "B", "DIP", "U1_36", "", "C", 62.99, 62.99, 39.37, 0],
		[137, "U1_37", 2613.38, 5103.92, "T", "DIP", "U1_37", "", "C", 62.99, 62.99, 39.37, 0],
		[138, "U1_37", 2613.38, 5103.92, "B", "DIP", "U1_37", "", "C", 62.99, 62.99, 39.37, 0],
		[139, "U1_38", 2613.38, 5203.93, "T", "DIP", "N$15664", "", "R", 62.99, 62.99, 39.37, 0],
		[140, "U1_38", 2613.38, 5203.93, "B", "DIP", "N$15664", "", "R", 62.99, 62.99, 39.37, 0],
		[141, "U1_39", 2613.38, 5303.92, "T", "DIP", "U1_39", "", "C", 62.99, 62.99, 39.37, 0],
		[142, "U1_39", 2613.38, 5303.92, "B", "DIP", "U1_39", "", "C", 62.99, 62.99, 39.37, 0],
		[143, "U1_40", 2613.38, 5403.92, "T", "DIP", "VCC", "", "C", 62.99, 62.99, 39.37, 0],
		[144, "U1_40", 2613.38, 5403.92, "B", "DIP", "VCC", "", "C", 62.99, 62.99, 39.37, 0],
		[145, "U2_19", 1075, 1905, "T", "DIP", "N$15664", "", "C", 70, 70, 36, 90],
		[146, "U2_19", 1075, 1905, "B", "DIP", "N$15664", "", "C", 70, 70, 36, 90],
		[147, "U2_20", 1075, 1805, "T", "DIP", "U2_20", "", "C", 70, 70, 36, 90],
		[148, "U2_20", 1075, 1805, "B", "DIP", "U2_20", "", "C", 70, 70, 36, 90],
		[149, "U2_21", 1075, 1705, "T", "DIP", "U2_21", "", "C", 70, 70, 36, 90],
		[150, "U2_21", 1075, 1705, "B", "DIP", "U2_21", "", "C", 70, 70, 36, 90],
		[151, "U3_19", 1075, 2405, "T", "DIP", "N$15664", "", "C", 70, 70, 36, 90],
		[152, "U3_19", 1075, 2405, "B", "DIP", "N$15664", "", "C", 70, 70, 36, 90],
		[153, "U3_20", 1075, 2305, "T", "DIP", "U3_20", "", "C", 70, 70, 36, 90],
		[154, "U3_20", 1075, 2305, "B", "DIP", "U3_20", "", "C", 70, 70, 36, 90],
		[155, "U3_21", 1075, 2205, "T", "DIP", "U3_21", "", "C", 70, 70, 36, 90],
		[156, "U3_21", 1075, 2205, "B", "DIP", "U3_21", "", "C", 70, 70, 36, 90],
		[157, "U4_19", 1075, 2905, "T", "DIP", "N$15664", "", "C", 70, 70, 36, 90],
		[158, "U4_19", 1075, 2905, "B", "DIP", "N$15664", "", "C", 70, 70, 36, 90],
		[159, "U4_20", 1075, 2805, "T", "DIP", "U4_20", "", "C", 70, 70, 36, 90],
		[160, "U4_20", 1075, 2805, "B", "DIP", "U4_20", "", "C", 70, 70, 36, 90],
		[161, "U4_21", 1075, 2705, "T", "DIP", "U4_21", "", "C", 70, 70, 36, 90],
		[162, "U4_21", 1075, 2705, "B", "DIP", "U4_21", "", "C", 70, 70, 36, 90],
		[163, "U5_19", 1075, 3405, "T", "DIP", "N$15664", "", "C", 70, 70, 36, 90],
		[164, "U5_19", 1075, 3405, "B", "DIP", "N$15664", "", "C", 70, 70, 36, 90],
		[165, "U5_20", 1075, 3305, "T", "DIP", "U5_20", "", "C", 70, 70, 36, 90],
		[166, "U5_20", 1075, 3305, "B", "DIP", "U5_20", "", "C", 70, 70, 36, 90],
		[167, "U5_21", 1075, 3205, "T", "DIP", "U5_21", "", "C", 70, 70, 36, 90],
		[168, "U5_21", 1075, 3205, "B", "DIP", "U5_21", "", "C", 70, 70, 36, 90],
		[169, "U6_19", 1075, 3905, "T", "DIP", "N$15664", "", "C", 70, 70, 36, 90],
		[170, "U6_19", 1075, 3905, "B", "DIP", "N$15664", "", "C", 70, 70, 36, 90],
		[171, "U6_20", 1075, 3805, "T", "DIP", "U6_20", "", "C", 70, 70, 36, 90],
		[172, "U6_20", 1075, 3805, "B", "DIP", "U6_20", "", "C", 70, 70, 36, 90],
		[173, "U6_21", 1075, 3705, "T", "DIP", "U6_21", "", "C", 70, 70, 36, 90],
		[174, "U6_21", 1075, 3705, "B", "DIP", "U6_21", "", "C", 70, 70, 36, 90],
		[175, "U7_19", 1075, 4404.99, "T", "DIP", "N$15664", "", "C", 70, 70, 36, 90],
		[176, "U7_19", 1075, 4404.99, "B", "DIP", "N$15664", "", "C", 70, 70, 36, 90],
		[177, "U7_20", 1075, 4304.99, "T", "DIP", "U7_20", "", "C", 70, 70, 36, 90],
		[178, "U7_20", 1075, 4304.99, "B", "DIP", "U7_20", "", "C", 70, 70, 36, 90],
		[179, "U7_21", 1075, 4204.99, "T", "DIP", "U7_21", "", "C", 70, 70, 36, 90],
		[180, "U7_21", 1075, 4204.99, "B", "DIP", "U7_21", "", "C", 70, 70, 36, 90],
		[181, "U8_19", 1075, 4904.99, "T", "DIP", "N$15664", "", "C", 70, 70, 36, 90],
		[182, "U8_19", 1075, 4904.99, "B", "DIP", "N$15664", "", "C", 70, 70, 36, 90],
		[183, "U8_20", 1075, 4804.99, "T", "DIP", "U8_20", "", "C", 70, 70, 36, 90],
		[184, "U8_20", 1075, 4804.99, "B", "DIP", "U8_20", "", "C", 70, 70, 36, 90],
		[185, "U8_21", 1075, 4704.99, "T", "DIP", "U8_21", "", "C", 70, 70, 36, 90],
		[186, "U8_21", 1075, 4704.99, "B", "DIP", "U8_21", "", "C", 70, 70, 36, 90],
		[187, "U9_19", 1075, 5404.99, "T", "DIP", "N$15664", "", "C", 70, 70, 36, 90],
		[188, "U9_19", 1075, 5404.99, "B", "DIP", "N$15664", "", "C", 70, 70, 36, 90],
		[189, "U9_20", 1075, 5304.99, "T", "DIP", "U9_20", "", "C", 70, 70, 36, 90],
		[190, "U9_20", 1075, 5304.99, "B", "DIP", "U9_20", "", "C", 70, 70, 36, 90],
		[191, "U9_21", 1075, 5204.99, "T", "DIP", "U9_21", "", "C", 70, 70, 36, 90],
		[192, "U9_21", 1075, 5204.99, "B", "DIP", "U9_21", "", "C", 70, 70, 36, 90],
		[193, "U10_1", 2500, 1800, "T", "DIP", "VCC", "", "C", 60, 60, 36, 270],
		[194, "U10_1", 2500, 1800, "B", "DIP", "VCC", "", "C", 60, 60, 36, 270],
		[195, "U10_2", 2400, 1800, "T", "DIP", "U1_6", "", "C", 60, 60, 36, 270],
		[196, "U10_2", 2400, 1800, "B", "DIP", "U1_6", "", "C", 60, 60, 36, 270],
		[197, "U10_3", 2300, 1800, "T", "DIP", "U1_7", "", "C", 60, 60, 36, 270],
		[198, "U10_3", 2300, 1800, "B", "DIP", "U1_7", "", "C", 60, 60, 36, 270],
		[199, "U10_4", 2200, 1800, "T", "DIP", "N$15664", "", "C", 60, 60, 36, 270],
		[200, "U10_4", 2200, 1800, "B", "DIP", "N$15664", "", "C", 60, 60, 36, 270],
		[201, "U10_5", 2100, 1800, "T", "DIP", "N$15664", "", "C", 60, 60, 36, 270],
		[202, "U10_5", 2100, 1800, "B", "DIP", "N$15664", "", "C", 60, 60, 36, 270],
		[203, "U10_6", 2000, 1800, "T", "DIP", "U10_6", "", "C", 60, 60, 36, 270],
		[204, "U10_6", 2000, 1800, "B", "DIP", "U10_6", "", "C", 60, 60, 36, 270],
		[205, "U14_1", 475, 5349.99, "T", "DIP", "U9_21", "", "C", 60, 60, 36, 0],
		[206, "U14_1", 475, 5349.99, "B", "DIP", "U9_21", "", "C", 60, 60, 36, 0],
		[207, "U14_2", 475, 5249.99, "T", "DIP", "VCC", "", "C", 60, 60, 36, 0],
		[208, "U14_2", 475, 5249.99, "B", "DIP", "VCC", "", "C", 60, 60, 36, 0],
		[209, "U15_1", 475, 4849.99, "T", "DIP", "U8_21", "", "C", 60, 60, 36, 0],
		[210, "U15_1", 475, 4849.99, "B", "DIP", "U8_21", "", "C", 60, 60, 36, 0],
		[211, "U15_2", 475, 4749.99, "T", "DIP", "VCC", "", "C", 60, 60, 36, 0],
		[212, "U15_2", 475, 4749.99, "B", "DIP", "VCC", "", "C", 60, 60, 36, 0],
		[213, "U16_1", 475, 4349.99, "T", "DIP", "U7_21", "", "C", 60, 60, 36, 0],
		[214, "U16_1", 475, 4349.99, "B", "DIP", "U7_21", "", "C", 60, 60, 36, 0],
		[215, "U16_2", 475, 4249.99, "T", "DIP", "VCC", "", "C", 60, 60, 36, 0],
		[216, "U16_2", 475, 4249.99, "B", "DIP", "VCC", "", "C", 60, 60, 36, 0],
		[217, "U17_1", 475, 3849.99, "T", "DIP", "U6_21", "", "C", 60, 60, 36, 0],
		[218, "U17_1", 475, 3849.99, "B", "DIP", "U6_21", "", "C", 60, 60, 36, 0],
		[219, "U17_2", 475, 3749.99, "T", "DIP", "VCC", "", "C", 60, 60, 36, 0],
		[220, "U17_2", 475, 3749.99, "B", "DIP", "VCC", "", "C", 60, 60, 36, 0],
		[221, "U18_1", 475, 3349.99, "T", "DIP", "U5_21", "", "C", 60, 60, 36, 0],
		[222, "U18_1", 475, 3349.99, "B", "DIP", "U5_21", "", "C", 60, 60, 36, 0],
		[223, "U18_2", 475, 3249.99, "T", "DIP", "VCC", "", "C", 60, 60, 36, 0],
		[224, "U18_2", 475, 3249.99, "B", "DIP", "VCC", "", "C", 60, 60, 36, 0],
		[225, "U19_1", 475, 2849.99, "T", "DIP", "U4_21", "", "C", 60, 60, 36, 0],
		[226, "U19_1", 475, 2849.99, "B", "DIP", "U4_21", "", "C", 60, 60, 36, 0],
		[227, "U19_2", 475, 2749.99, "T", "DIP", "VCC", "", "C", 60, 60, 36, 0],
		[228, "U19_2", 475, 2749.99, "B", "DIP", "VCC", "", "C", 60, 60, 36, 0],
		[229, "U20_1", 475, 2350, "T", "DIP", "U3_21", "", "C", 60, 60, 36, 0],
		[230, "U20_1", 475, 2350, "B", "DIP", "U3_21", "", "C", 60, 60, 36, 0],
		[231, "U20_2", 475, 2250, "T", "DIP", "VCC", "", "C", 60, 60, 36, 0],
		[232, "U20_2", 475, 2250, "B", "DIP", "VCC", "", "C", 60, 60, 36, 0],
		[233, "U21_1", 475, 1850, "T", "DIP", "U2_21", "", "C", 60, 60, 36, 0],
		[234, "U21_1", 475, 1850, "B", "DIP", "U2_21", "", "C", 60, 60, 36, 0],
		[235, "U21_2", 475, 1750, "T", "DIP", "VCC", "", "C", 60, 60, 36, 0],
		[236, "U21_2", 475, 1750, "B", "DIP", "VCC", "", "C", 60, 60, 36, 0],
		[237, "U29_1", 3849.99, 1910, "T", "DIP", "U1_27", "", "C", 60, 60, 36, 270],
		[238, "U29_1", 3849.99, 1910, "B", "DIP", "U1_27", "", "C", 60, 60, 36, 270],
		[239, "U29_2", 3849.99, 2010, "T", "DIP", "U1_26", "", "C", 60, 60, 36, 270],
		[240, "U29_2", 3849.99, 2010, "B", "DIP", "U1_26", "", "C", 60, 60, 36, 270],
		[241, "U29_3", 3849.99, 2110, "T", "DIP", "U1_25", "", "C", 60, 60, 36, 270],
		[242, "U29_3", 3849.99, 2110, "B", "DIP", "U1_25", "", "C", 60, 60, 36, 270],
		[243, "U29_4", 3849.99, 2210, "T", "DIP", "U1_24", "", "C", 60, 60, 36, 270],
		[244, "U29_4", 3849.99, 2210, "B", "DIP", "U1_24", "", "C", 60, 60, 36, 270],
		[245, "U29_5", 3849.99, 2310, "T", "DIP", "U29_5", "", "C", 60, 60, 36, 270],
		[246, "U29_5", 3849.99, 2310, "B", "DIP", "U29_5", "", "C", 60, 60, 36, 270],
		[247, "U29_6", 3849.99, 2410, "T", "DIP", "U29_6", "", "C", 60, 60, 36, 270],
		[248, "U29_6", 3849.99, 2410, "B", "DIP", "U29_6", "", "C", 60, 60, 36, 270],
		[249, "U29_7", 3849.99, 2510, "T", "DIP", "U29_7", "", "C", 60, 60, 36, 270],
		[250, "U29_7", 3849.99, 2510, "B", "DIP", "U29_7", "", "C", 60, 60, 36, 270],
		[251, "U29_8", 3774.99, 2737.5, "T", "DIP", "N$15664", "", "C", 60, 60, 36, 270],
		[252, "U29_8", 3774.99, 2737.5, "B", "DIP", "N$15664", "", "C", 60, 60, 36, 270],
		[253, "U29_9", 3669.99, 2737.5, "T", "DIP", "VCC", "", "C", 60, 60, 36, 270],
		[254, "U29_9", 3669.99, 2737.5, "B", "DIP", "VCC", "", "C", 60, 60, 36, 270],
		[255, "U29_10", 3574.99, 2737.5, "T", "DIP", "U29_10", "", "C", 60, 60, 36, 270],
		[256, "U29_10", 3574.99, 2737.5, "B", "DIP", "U29_10", "", "C", 60, 60, 36, 270],
		[257, "U29_11", 3469.99, 2737.5, "T", "DIP", "U29_11", "", "C", 60, 60, 36, 270],
		[258, "U29_11", 3469.99, 2737.5, "B", "DIP", "U29_11", "", "C", 60, 60, 36, 270],
		[259, "U29_12", 3399.99, 2222.5, "T", "DIP", "U29_12", "", "C", 62, 62, 40.16, 90],
		[260, "U29_12", 3399.99, 2222.5, "B", "DIP", "U29_12", "", "C", 62, 62, 40.16, 90],
		[261, "U29_13", 3399.99, 2122.5, "T", "DIP", "U29_13", "", "C", 62, 62, 40.16, 90],
		[262, "U29_13", 3399.99, 2122.5, "B", "DIP", "U29_13", "", "C", 62, 62, 40.16, 90],
		[263, "U29_15", 3399.99, 1922.5, "T", "DIP", "U29_15", "", "C", 62, 62, 40.16, 90],
		[264, "U29_15", 3399.99, 1922.5, "B", "DIP", "U29_15", "", "C", 62, 62, 40.16, 90],
		[265, "U29_16", 3399.99, 1822.5, "T", "DIP", "U29_16", "", "R", 62, 62, 40.16, 90],
		[266, "U29_16", 3399.99, 1822.5, "B", "DIP", "U29_16", "", "R", 62, 62, 40.16, 90],
		[267, "U29_17", 3399.99, 2022.5, "T", "DIP", "U29_17", "", "C", 62, 62, 40.16, 90],
		[268, "U29_17", 3399.99, 2022.5, "B", "DIP", "U29_17", "", "C", 62, 62, 40.16, 90],
		[269, "U30_1", 3950, 2999.99, "T", "DIP", "U1_24", "", "C", 60, 60, 36, 180],
		[270, "U30_1", 3950, 2999.99, "B", "DIP", "U1_24", "", "C", 60, 60, 36, 180],
		[271, "U30_2", 3950, 3099.99, "T", "DIP", "U1_25", "", "C", 60, 60, 36, 180],
		[272, "U30_2", 3950, 3099.99, "B", "DIP", "U1_25", "", "C", 60, 60, 36, 180],
		[273, "U30_3", 3950, 3199.99, "T", "DIP", "U1_26", "", "C", 60, 60, 36, 180],
		[274, "U30_3", 3950, 3199.99, "B", "DIP", "U1_26", "", "C", 60, 60, 36, 180],
		[275, "U30_4", 3950, 3299.99, "T", "DIP", "U1_27", "", "C", 60, 60, 36, 180],
		[276, "U30_4", 3950, 3299.99, "B", "DIP", "U1_27", "", "C", 60, 60, 36, 180],
		[277, "U30_5", 3950, 3399.99, "T", "DIP", "N$15664", "", "C", 60, 60, 36, 180],
		[278, "U30_5", 3950, 3399.99, "B", "DIP", "N$15664", "", "C", 60, 60, 36, 180],
		[279, "U30_6", 3950, 3499.99, "T", "DIP", "VCC", "", "C", 60, 60, 36, 180],
		[280, "U30_6", 3950, 3499.99, "B", "DIP", "VCC", "", "C", 60, 60, 36, 180],
		[281, "PAD1_1", 3919.99, 5131.17, "T", "DIP", "N$15664", "", "C", 60, 60, 39.37, 0],
		[282, "PAD1_1", 3919.99, 5131.17, "B", "DIP", "N$15664", "", "C", 60, 60, 39.37, 0],
		[283, "PAD2_1", 3919.99, 5031.17, "T", "DIP", "N$15664", "", "C", 60, 60, 39.37, 0],
		[284, "PAD2_1", 3919.99, 5031.17, "B", "DIP", "N$15664", "", "C", 60, 60, 39.37, 0],
		[285, "PAD3_1", 3919.99, 4931.17, "T", "DIP", "VCC", "", "C", 60, 60, 39.37, 0],
		[286, "PAD3_1", 3919.99, 4931.17, "B", "DIP", "VCC", "", "C", 60, 60, 39.37, 0]
	]
}
}